{"zeit":" 19.03.2026 - 01:06 ","kurse":{"EUR_USD":1.15,"MXN_EUR":0.04903402961655389,"THB_EUR":0.02662052442433116,"EUR_ISK":143.6,"RON_EUR":0.19631709136597433,"EUR_NZD":1.9763,"JPY_EUR":0.005449888277290316,"EUR_BRL":6.0079,"AUD_EUR":0.613308800981294,"IDR_EUR":5.1169216599293864E-5,"EUR_SGD":1.4734,"CAD_EUR":0.6339546088500064,"HKD_EUR":0.1109446940700061,"EUR_ZAR":19.4174,"SEK_EUR":0.09278331384883744,"EUR_CHF":0.9073,"EUR_MXN":20.394,"PLN_EUR":0.23412075948774377,"EUR_IDR":19543.0,"CZK_EUR":0.04087137777414477,"GBP_EUR":1.1575011864387161,"EUR_TRY":50.854,"USD_EUR":0.8695652173913044,"EUR_AUD":1.6305,"EUR_ILS":3.568,"EUR_CAD":1.5774,"INR_EUR":0.009360666479453337,"EUR_MYR":4.504,"CHF_EUR":1.1021712774165104,"EUR_NOK":11.0205,"MYR_EUR":0.22202486678507996,"EUR_HKD":9.0135,"EUR_DKK":7.472,"NOK_EUR":0.09073998457420263,"ISK_EUR":0.006963788300835655,"EUR_SEK":10.7778,"PHP_EUR":0.014492543586324834,"CNY_EUR":0.12624031105612643,"EUR_RON":5.0938,"EUR_CZK":24.467,"SGD_EUR":0.6787023211619384,"KRW_EUR":5.783422398038263E-4,"ZAR_EUR":0.051500200850783315,"ILS_EUR":0.2802690582959641,"HUF_EUR":0.002545630425374844,"EUR_GBP":0.86393,"EUR_PHP":69.001,"EUR_HUF":392.83,"TRY_EUR":0.019664136547764187,"DKK_EUR":0.13383297644539613,"EUR_CNY":7.9214,"EUR_THB":37.565,"EUR_INR":106.83,"EUR_KRW":1729.08,"BRL_EUR":0.16644751077747633,"EUR_PLN":4.2713,"EUR_JPY":183.49,"NZD_EUR":0.5059960532307848}}